#Ack,Last Router Ocupation Router Arrival(Packets),Last Router Ocupation Router Arrival_ewma(Packets),Network Situation Router Arrival,Measure Time,Queue_Router2
7240,0,0.03491,1,0,0
8688,0,0.03491,1,0,0
11584,0,0.03491,1,0,0
14480,0,0.03491,1,0,0
17376,0,0.06728,1,0,0
20272,0,0.06728,1,0,0
26064,0,0.06728,1,0,0
30000,0,0.06728,1,0,0
32896,0,0.01811,1,0,0
35792,0,0.01811,1,0,0
38688,0,0.01811,1,0,0
41584,0,0.01811,1,0,0
44480,0,0.01811,1,0,0
